{"info":{"year":"2024","version":"1","description":"Exported from roboflow.com","contributor":"","url":"https://public.roboflow.com/object-detection/undefined","date_created":"2024-10-25T21:57:39+00:00"},"licenses":[{"id":1,"url":"https://creativecommons.org/licenses/by/4.0/","name":"CC BY 4.0"}],"categories":[{"id":0,"name":"Game-mmorpg-humans-charters-item","supercategory":"none"},{"id":1,"name":"astral power","supercategory":"Game-mmorpg-humans-charters-item"},{"id":2,"name":"bags_menu","supercategory":"Game-mmorpg-humans-charters-item"},{"id":3,"name":"charter","supercategory":"Game-mmorpg-humans-charters-item"},{"id":4,"name":"charter_menu_hp","supercategory":"Game-mmorpg-humans-charters-item"},{"id":5,"name":"charter_on_map","supercategory":"Game-mmorpg-humans-charters-item"},{"id":6,"name":"coordinates","supercategory":"Game-mmorpg-humans-charters-item"},{"id":7,"name":"empty_ore_mini","supercategory":"Game-mmorpg-humans-charters-item"},{"id":8,"name":"empty_storage_bag","supercategory":"Game-mmorpg-humans-charters-item"},{"id":9,"name":"enemy","supercategory":"Game-mmorpg-humans-charters-item"},{"id":10,"name":"enemy_dead","supercategory":"Game-mmorpg-humans-charters-item"},{"id":11,"name":"enemy_hp","supercategory":"Game-mmorpg-humans-charters-item"},{"id":12,"name":"fight","supercategory":"Game-mmorpg-humans-charters-item"},{"id":13,"name":"game_menu","supercategory":"Game-mmorpg-humans-charters-item"},{"id":14,"name":"items","supercategory":"Game-mmorpg-humans-charters-item"},{"id":15,"name":"level","supercategory":"Game-mmorpg-humans-charters-item"},{"id":16,"name":"loot","supercategory":"Game-mmorpg-humans-charters-item"},{"id":17,"name":"main_bags","supercategory":"Game-mmorpg-humans-charters-item"},{"id":18,"name":"mana","supercategory":"Game-mmorpg-humans-charters-item"},{"id":19,"name":"map","supercategory":"Game-mmorpg-humans-charters-item"},{"id":20,"name":"nickname","supercategory":"Game-mmorpg-humans-charters-item"},{"id":21,"name":"ore","supercategory":"Game-mmorpg-humans-charters-item"},{"id":22,"name":"ore_mini","supercategory":"Game-mmorpg-humans-charters-item"},{"id":23,"name":"ore_on_map","supercategory":"Game-mmorpg-humans-charters-item"},{"id":24,"name":"our-hp","supercategory":"Game-mmorpg-humans-charters-item"},{"id":25,"name":"spels","supercategory":"Game-mmorpg-humans-charters-item"}],"images":[{"id":0,"license":1,"file_name":"-2024-08-05-185358_png.rf.1ce4dd3b76742c1ec4862ba6ae221ee7.jpg","height":1080,"width":1920,"date_captured":"2024-10-25T21:57:39+00:00"},{"id":1,"license":1,"file_name":"-2024-08-15-125032_png.rf.21373258185eb290f0c16ecf7e5108b6.jpg","height":1080,"width":1920,"date_captured":"2024-10-25T21:57:39+00:00"},{"id":2,"license":1,"file_name":"-2024-08-05-184947_png.rf.350388cd1f660e25c06eb93ea6dd4e17.jpg","height":1080,"width":1920,"date_captured":"2024-10-25T21:57:39+00:00"},{"id":3,"license":1,"file_name":"-2024-08-15-123724_png.rf.30189b822c136d48d5e17409879234a0.jpg","height":1080,"width":1920,"date_captured":"2024-10-25T21:57:39+00:00"},{"id":4,"license":1,"file_name":"-2024-08-15-130604_png.rf.1ec818f6312a08a7f5658f6bcc8184be.jpg","height":1080,"width":1920,"date_captured":"2024-10-25T21:57:39+00:00"},{"id":5,"license":1,"file_name":"-2024-07-30-161704_png.rf.369cd67775a467303b62ac95d831a090.jpg","height":1080,"width":1920,"date_captured":"2024-10-25T21:57:39+00:00"},{"id":6,"license":1,"file_name":"-2024-08-15-124524_png.rf.3a45f6339f8d1b7d698d27830a5fc308.jpg","height":1080,"width":1920,"date_captured":"2024-10-25T21:57:39+00:00"},{"id":7,"license":1,"file_name":"-2024-07-30-161439_png.rf.2a4321bfcf917809c1a65f3e7e33aee5.jpg","height":1080,"width":1920,"date_captured":"2024-10-25T21:57:39+00:00"},{"id":8,"license":1,"file_name":"-2024-08-05-184804_png.rf.3d3e47665fb65973f42eb14da4ea8d12.jpg","height":1080,"width":1920,"date_captured":"2024-10-25T21:57:39+00:00"},{"id":9,"license":1,"file_name":"-2024-08-05-185155_png.rf.389d36bcd2d1f9953207e3f6516b1d21.jpg","height":1080,"width":1920,"date_captured":"2024-10-25T21:57:39+00:00"},{"id":10,"license":1,"file_name":"-2024-08-15-130657_png.rf.51a1202c3e4da42a563e92f3513fcaee.jpg","height":1080,"width":1920,"date_captured":"2024-10-25T21:57:39+00:00"},{"id":11,"license":1,"file_name":"-2024-08-15-123848_png.rf.3ea7600112c99788dabf4a028984cd1b.jpg","height":1080,"width":1920,"date_captured":"2024-10-25T21:57:39+00:00"},{"id":12,"license":1,"file_name":"-2024-08-15-125657_png.rf.19635cc0c6972152d00b9da973f0b4dd.jpg","height":1080,"width":1920,"date_captured":"2024-10-25T21:57:39+00:00"},{"id":13,"license":1,"file_name":"-2024-08-05-184627_png.rf.3b900ec755f4fc66745533bde1b820b3.jpg","height":1080,"width":1920,"date_captured":"2024-10-25T21:57:39+00:00"},{"id":14,"license":1,"file_name":"-2024-08-15-152211_png.rf.46100146b5caaa91c915a083ad088438.jpg","height":1080,"width":1920,"date_captured":"2024-10-25T21:57:39+00:00"},{"id":15,"license":1,"file_name":"-2024-08-15-124105_png.rf.5bf34a5dec5e7dc133e06d490a87016c.jpg","height":1080,"width":1920,"date_captured":"2024-10-25T21:57:39+00:00"},{"id":16,"license":1,"file_name":"-2024-07-30-161459_png.rf.0a730a57d50411d282d04b6a7ba862fc.jpg","height":1080,"width":1920,"date_captured":"2024-10-25T21:57:39+00:00"},{"id":17,"license":1,"file_name":"-2024-08-15-131129_png.rf.5e6d067e1efd7606edfb35441a1daaf1.jpg","height":1080,"width":1920,"date_captured":"2024-10-25T21:57:39+00:00"},{"id":18,"license":1,"file_name":"-2024-08-05-185459_png.rf.5c08183c68d2a60a23ccea33483f6064.jpg","height":1080,"width":1920,"date_captured":"2024-10-25T21:57:39+00:00"},{"id":19,"license":1,"file_name":"-2024-08-15-124753_png.rf.56ee4a0c7cc501f236b842faa0b18d66.jpg","height":1080,"width":1920,"date_captured":"2024-10-25T21:57:39+00:00"},{"id":20,"license":1,"file_name":"-2024-08-15-153500_png.rf.6be4adc1773c8768e6a81ab59fa20023.jpg","height":1080,"width":1920,"date_captured":"2024-10-25T21:57:39+00:00"},{"id":21,"license":1,"file_name":"-2024-08-15-153157_png.rf.8b3302e6cea0ce8641de47a2bfbfc197.jpg","height":1080,"width":1920,"date_captured":"2024-10-25T21:57:39+00:00"},{"id":22,"license":1,"file_name":"-2024-08-05-184545_png.rf.60abfd97150494e25779bebff806b9e2.jpg","height":1080,"width":1920,"date_captured":"2024-10-25T21:57:39+00:00"},{"id":23,"license":1,"file_name":"-2024-08-15-150801_png.rf.8056aecdf0fc9c7184fbf0e5f2453ea1.jpg","height":1080,"width":1920,"date_captured":"2024-10-25T21:57:39+00:00"},{"id":24,"license":1,"file_name":"-2024-08-15-152228_png.rf.6be72e27e6762d1a34e85dfaf3d701f8.jpg","height":1080,"width":1920,"date_captured":"2024-10-25T21:57:39+00:00"},{"id":25,"license":1,"file_name":"-2024-08-05-185546_png.rf.747757d5048eef76af63913a9781ee52.jpg","height":1080,"width":1920,"date_captured":"2024-10-25T21:57:39+00:00"},{"id":26,"license":1,"file_name":"-2024-08-16-005918_png.rf.a49ce8745bcb9622d6c9dcd078df922f.jpg","height":1080,"width":1920,"date_captured":"2024-10-25T21:57:39+00:00"},{"id":27,"license":1,"file_name":"-2024-08-05-184609_png.rf.6fa48a013fbafc2db0e350fe90083db2.jpg","height":1080,"width":1920,"date_captured":"2024-10-25T21:57:39+00:00"},{"id":28,"license":1,"file_name":"-2024-08-15-131101_png.rf.8913396adce85cdffb538d3e6fe9f105.jpg","height":1080,"width":1920,"date_captured":"2024-10-25T21:57:39+00:00"},{"id":29,"license":1,"file_name":"-2024-08-14-195048_png.rf.bf489e03534b3b2c77eefd47bf5624d3.jpg","height":1080,"width":1920,"date_captured":"2024-10-25T21:57:39+00:00"},{"id":30,"license":1,"file_name":"-2024-08-15-125527_png.rf.79d92e2c882c11573ff16e36eb616d15.jpg","height":1080,"width":1920,"date_captured":"2024-10-25T21:57:39+00:00"},{"id":31,"license":1,"file_name":"-2024-07-30-161448_png.rf.9103072c51a2b820f2218516c1a7c22b.jpg","height":1080,"width":1920,"date_captured":"2024-10-25T21:57:39+00:00"},{"id":32,"license":1,"file_name":"-2024-08-05-185235_png.rf.717e0e5290081b97543e33daa63987e6.jpg","height":1080,"width":1920,"date_captured":"2024-10-25T21:57:39+00:00"},{"id":33,"license":1,"file_name":"-2024-08-15-145249_png.rf.a8f56d836aa8f0ff0e5b2c27037f775e.jpg","height":1080,"width":1920,"date_captured":"2024-10-25T21:57:39+00:00"},{"id":34,"license":1,"file_name":"-2024-08-15-131925_png.rf.7fdf37cb1afb30c6527acda70340c634.jpg","height":1080,"width":1920,"date_captured":"2024-10-25T21:57:39+00:00"},{"id":35,"license":1,"file_name":"-2024-08-05-184644_png.rf.8e9cdea15f785414e234b25587fe6655.jpg","height":1080,"width":1920,"date_captured":"2024-10-25T21:57:39+00:00"},{"id":36,"license":1,"file_name":"-2024-08-15-190954_png.rf.b2d5a51408724b0291f1f2c56e4ab295.jpg","height":1080,"width":1920,"date_captured":"2024-10-25T21:57:39+00:00"},{"id":37,"license":1,"file_name":"-2024-08-15-130222_png.rf.62d95b0cfcf72926e140350a8be0f622.jpg","height":1080,"width":1920,"date_captured":"2024-10-25T21:57:39+00:00"},{"id":38,"license":1,"file_name":"-2024-08-15-125534_png.rf.880da9a2a152636b79dfef5a984c743a.jpg","height":1080,"width":1920,"date_captured":"2024-10-25T21:57:39+00:00"},{"id":39,"license":1,"file_name":"-2024-08-05-184458_png.rf.bf97b182a5968d035ec57442fbfd33a2.jpg","height":1080,"width":1920,"date_captured":"2024-10-25T21:57:39+00:00"},{"id":40,"license":1,"file_name":"-2024-08-15-132048_png.rf.b5bc9c509977406fb817d1f61e02f5b5.jpg","height":1080,"width":1920,"date_captured":"2024-10-25T21:57:39+00:00"},{"id":41,"license":1,"file_name":"-2024-08-15-124125_png.rf.c62d615a82882bf783a722722df83684.jpg","height":1080,"width":1920,"date_captured":"2024-10-25T21:57:39+00:00"},{"id":42,"license":1,"file_name":"-2024-08-15-125215_png.rf.a8724af745e652437f6cb4f29ef4dd54.jpg","height":1080,"width":1920,"date_captured":"2024-10-25T21:57:39+00:00"},{"id":43,"license":1,"file_name":"-511-_png.rf.b26cdec3aacec9618a4bf01b9b434775.jpg","height":1080,"width":1920,"date_captured":"2024-10-25T21:57:39+00:00"},{"id":44,"license":1,"file_name":"-2024-08-15-130355_png.rf.b751b02d60fd79b37dd6855f11c4050b.jpg","height":1080,"width":1920,"date_captured":"2024-10-25T21:57:39+00:00"},{"id":45,"license":1,"file_name":"-2024-08-15-132122_png.rf.ad1ef86b525e27a34741b7ed594d2584.jpg","height":1080,"width":1920,"date_captured":"2024-10-25T21:57:39+00:00"},{"id":46,"license":1,"file_name":"-2024-08-15-154014_png.rf.c867c04cc00cd10a9ce4ad0793a22cff.jpg","height":1080,"width":1920,"date_captured":"2024-10-25T21:57:39+00:00"},{"id":47,"license":1,"file_name":"-2024-08-16-005844_png.rf.cd137e662cabb145f41157a2e6958905.jpg","height":1080,"width":1920,"date_captured":"2024-10-25T21:57:39+00:00"},{"id":48,"license":1,"file_name":"-2024-08-16-014625_png.rf.eb475d0c7380e4ff8b39e3cfc1f2695b.jpg","height":1080,"width":1920,"date_captured":"2024-10-25T21:57:39+00:00"},{"id":49,"license":1,"file_name":"-2024-07-30-161420_png.rf.d0d567070f53da2e928323bfcef40f8f.jpg","height":1080,"width":1920,"date_captured":"2024-10-25T21:57:39+00:00"},{"id":50,"license":1,"file_name":"-2024-07-30-161510_png.rf.ebaf2b8f07181a03aaecdffe8a5b4454.jpg","height":1080,"width":1920,"date_captured":"2024-10-25T21:57:39+00:00"},{"id":51,"license":1,"file_name":"-2024-08-16-014551_png.rf.cdd1df311a6b4ab02c0a8dfee1663ce4.jpg","height":1080,"width":1920,"date_captured":"2024-10-25T21:57:39+00:00"},{"id":52,"license":1,"file_name":"-2024-08-15-130754_png.rf.f7663e51f5e9cb0e029dc9aac43e63a0.jpg","height":1080,"width":1920,"date_captured":"2024-10-25T21:57:39+00:00"},{"id":53,"license":1,"file_name":"-2024-08-15-125541_png.rf.dd11f278207e41b7bd3c51d8947241b8.jpg","height":1080,"width":1920,"date_captured":"2024-10-25T21:57:39+00:00"},{"id":54,"license":1,"file_name":"-2024-08-05-184858_png.rf.e130bac56601e404d906b8b40d87c271.jpg","height":1080,"width":1920,"date_captured":"2024-10-25T21:57:39+00:00"},{"id":55,"license":1,"file_name":"-2024-08-15-131239_png.rf.d559dd53c6d777adf227a4379e6387b3.jpg","height":1080,"width":1920,"date_captured":"2024-10-25T21:57:39+00:00"},{"id":56,"license":1,"file_name":"-2024-08-15-153819_png.rf.da8a522f283eb3b3629f6bd317d9f805.jpg","height":1080,"width":1920,"date_captured":"2024-10-25T21:57:39+00:00"}],"annotations":[{"id":0,"image_id":0,"category_id":21,"bbox":[373,92,1080,833],"area":899640,"segmentation":[],"iscrowd":0},{"id":1,"image_id":1,"category_id":4,"bbox":[90,127,1737.5,792],"area":1376100,"segmentation":[],"iscrowd":0},{"id":2,"image_id":1,"category_id":12,"bbox":[500,631,138.5,173],"area":23960.5,"segmentation":[],"iscrowd":0},{"id":3,"image_id":1,"category_id":24,"bbox":[674,404,1132.5,236.5],"area":267836.25,"segmentation":[],"iscrowd":0},{"id":4,"image_id":1,"category_id":20,"bbox":[714,265,520.5,135.5],"area":70527.75,"segmentation":[],"iscrowd":0},{"id":5,"image_id":1,"category_id":15,"bbox":[1632,258,146,134.5],"area":19637,"segmentation":[],"iscrowd":0},{"id":6,"image_id":2,"category_id":21,"bbox":[784,141,600,400.5],"area":240300,"segmentation":[],"iscrowd":0},{"id":7,"image_id":2,"category_id":3,"bbox":[175,100,547.5,454],"area":248565,"segmentation":[],"iscrowd":0},{"id":8,"image_id":2,"category_id":6,"bbox":[1131,981,659,87.5],"area":57662.5,"segmentation":[],"iscrowd":0},{"id":9,"image_id":3,"category_id":3,"bbox":[846,490,283.5,324],"area":91854,"segmentation":[],"iscrowd":0},{"id":10,"image_id":3,"category_id":20,"bbox":[875,413,252,56.5],"area":14238,"segmentation":[],"iscrowd":0},{"id":11,"image_id":3,"category_id":20,"bbox":[889,417,185.5,28],"area":5194,"segmentation":[],"iscrowd":0},{"id":12,"image_id":3,"category_id":20,"bbox":[832,442,294.5,28],"area":8246,"segmentation":[],"iscrowd":0},{"id":13,"image_id":3,"category_id":20,"bbox":[1027,445,100,21],"area":2100,"segmentation":[],"iscrowd":0},{"id":14,"image_id":3,"category_id":9,"bbox":[191,187,786.5,566],"area":445159,"segmentation":[],"iscrowd":0},{"id":15,"image_id":4,"category_id":25,"bbox":[94,62,1768,1018],"area":1799824,"segmentation":[],"iscrowd":0},{"id":16,"image_id":5,"category_id":21,"bbox":[332,66,1377,933],"area":1284741,"segmentation":[],"iscrowd":0},{"id":17,"image_id":6,"category_id":20,"bbox":[83,317,871,763],"area":664573,"segmentation":[],"iscrowd":0},{"id":18,"image_id":6,"category_id":15,"bbox":[1650,252,229.5,828],"area":190026,"segmentation":[],"iscrowd":0},{"id":19,"image_id":7,"category_id":21,"bbox":[174,125,1508.5,800],"area":1206800,"segmentation":[],"iscrowd":0},{"id":20,"image_id":8,"category_id":5,"bbox":[429,458,645,485.5],"area":313147.5,"segmentation":[],"iscrowd":0},{"id":21,"image_id":8,"category_id":7,"bbox":[1089,281,500,418.5],"area":209250,"segmentation":[],"iscrowd":0},{"id":22,"image_id":9,"category_id":22,"bbox":[395,408,303.5,274.5],"area":83310.75,"segmentation":[],"iscrowd":0},{"id":23,"image_id":9,"category_id":7,"bbox":[1433,444,239,257],"area":61423,"segmentation":[],"iscrowd":0},{"id":24,"image_id":9,"category_id":5,"bbox":[755,473,321.5,251],"area":80696.5,"segmentation":[],"iscrowd":0},{"id":25,"image_id":10,"category_id":25,"bbox":[197,174,1594,906],"area":1444164,"segmentation":[],"iscrowd":0},{"id":26,"image_id":11,"category_id":20,"bbox":[468,84,935.5,67],"area":62678.5,"segmentation":[],"iscrowd":0},{"id":27,"image_id":11,"category_id":3,"bbox":[196,244,1537,777],"area":1194249,"segmentation":[],"iscrowd":0},{"id":28,"image_id":11,"category_id":20,"bbox":[148,151,1551,50],"area":77550,"segmentation":[],"iscrowd":0},{"id":29,"image_id":11,"category_id":20,"bbox":[714,151,443,50],"area":22150,"segmentation":[],"iscrowd":0},{"id":30,"image_id":11,"category_id":20,"bbox":[1182,151,517,50],"area":25850,"segmentation":[],"iscrowd":0},{"id":31,"image_id":11,"category_id":20,"bbox":[148,151,517,50],"area":25850,"segmentation":[],"iscrowd":0},{"id":32,"image_id":11,"category_id":20,"bbox":[1182,151,246,50],"area":12300,"segmentation":[],"iscrowd":0},{"id":33,"image_id":11,"category_id":20,"bbox":[1034,84,369,58.5],"area":21586.5,"segmentation":[],"iscrowd":0},{"id":34,"image_id":11,"category_id":9,"bbox":[0,8,197,862.5],"area":169912.5,"segmentation":[],"iscrowd":0},{"id":35,"image_id":11,"category_id":9,"bbox":[0,772,150.5,79],"area":11889.5,"segmentation":[],"iscrowd":0},{"id":36,"image_id":12,"category_id":11,"bbox":[82,71,1818,906],"area":1647108,"segmentation":[],"iscrowd":0},{"id":37,"image_id":12,"category_id":10,"bbox":[104,395,1227.5,318.5],"area":390958.75,"segmentation":[],"iscrowd":0},{"id":38,"image_id":12,"category_id":20,"bbox":[375,210,811,184],"area":149224,"segmentation":[],"iscrowd":0},{"id":39,"image_id":12,"category_id":15,"bbox":[111,186,156,186.5],"area":29094,"segmentation":[],"iscrowd":0},{"id":40,"image_id":13,"category_id":22,"bbox":[1010,501,575,448],"area":257600,"segmentation":[],"iscrowd":0},{"id":41,"image_id":13,"category_id":5,"bbox":[403,337,597.5,358.5],"area":214203.75,"segmentation":[],"iscrowd":0},{"id":42,"image_id":14,"category_id":4,"bbox":[137,136,1604,806],"area":1292824,"segmentation":[],"iscrowd":0},{"id":43,"image_id":14,"category_id":24,"bbox":[667,413,1049,245],"area":257005,"segmentation":[],"iscrowd":0},{"id":44,"image_id":14,"category_id":20,"bbox":[700,262,477,133],"area":63441,"segmentation":[],"iscrowd":0},{"id":45,"image_id":14,"category_id":15,"bbox":[1568,259,121,127],"area":15367,"segmentation":[],"iscrowd":0},{"id":46,"image_id":15,"category_id":20,"bbox":[576,324,912,252],"area":229824,"segmentation":[],"iscrowd":0},{"id":47,"image_id":15,"category_id":20,"bbox":[264,612,504,216],"area":108864,"segmentation":[],"iscrowd":0},{"id":48,"image_id":15,"category_id":20,"bbox":[816,612,432,216],"area":93312,"segmentation":[],"iscrowd":0},{"id":49,"image_id":15,"category_id":20,"bbox":[264,612,1512,216],"area":326592,"segmentation":[],"iscrowd":0},{"id":50,"image_id":15,"category_id":20,"bbox":[1128,324,360,252],"area":90720,"segmentation":[],"iscrowd":0},{"id":51,"image_id":15,"category_id":20,"bbox":[1272,612,504,216],"area":108864,"segmentation":[],"iscrowd":0},{"id":52,"image_id":15,"category_id":20,"bbox":[1512,648,264,180],"area":47520,"segmentation":[],"iscrowd":0},{"id":53,"image_id":15,"category_id":20,"bbox":[552,648,216,180],"area":38880,"segmentation":[],"iscrowd":0},{"id":54,"image_id":15,"category_id":20,"bbox":[1272,612,240,216],"area":51840,"segmentation":[],"iscrowd":0},{"id":55,"image_id":16,"category_id":21,"bbox":[516,190,1105,739.5],"area":817147.5,"segmentation":[],"iscrowd":0},{"id":56,"image_id":17,"category_id":3,"bbox":[677,104,795,751],"area":597045,"segmentation":[],"iscrowd":0},{"id":57,"image_id":17,"category_id":24,"bbox":[486,851,1195.5,51.5],"area":61568.25,"segmentation":[],"iscrowd":0},{"id":58,"image_id":17,"category_id":9,"bbox":[1481,380,438.5,563],"area":246875.5,"segmentation":[],"iscrowd":0},{"id":59,"image_id":17,"category_id":9,"bbox":[1692,191,228,330],"area":75240,"segmentation":[],"iscrowd":0},{"id":60,"image_id":18,"category_id":7,"bbox":[756,137,402.5,263],"area":105857.5,"segmentation":[],"iscrowd":0},{"id":61,"image_id":18,"category_id":5,"bbox":[690,583,456.5,347.5],"area":158633.75,"segmentation":[],"iscrowd":0},{"id":62,"image_id":19,"category_id":1,"bbox":[0,35,1920,1044.5],"area":2005440,"segmentation":[],"iscrowd":0},{"id":63,"image_id":20,"category_id":24,"bbox":[0,0,1920,1080],"area":2073600,"segmentation":[],"iscrowd":0},{"id":64,"image_id":21,"category_id":4,"bbox":[112,84,1660,954.5],"area":1584470,"segmentation":[],"iscrowd":0},{"id":65,"image_id":21,"category_id":24,"bbox":[663,411,1072,259.5],"area":278184,"segmentation":[],"iscrowd":0},{"id":66,"image_id":21,"category_id":20,"bbox":[694,232,503,167.5],"area":84252.5,"segmentation":[],"iscrowd":0},{"id":67,"image_id":21,"category_id":15,"bbox":[1596,235,128,157],"area":20096,"segmentation":[],"iscrowd":0},{"id":68,"image_id":22,"category_id":23,"bbox":[894,332,372,231.5],"area":86118,"segmentation":[],"iscrowd":0},{"id":69,"image_id":22,"category_id":7,"bbox":[890,332,373,235.5],"area":87841.5,"segmentation":[],"iscrowd":0},{"id":70,"image_id":22,"category_id":5,"bbox":[328,631,475.5,287],"area":136468.5,"segmentation":[],"iscrowd":0},{"id":71,"image_id":23,"category_id":4,"bbox":[54,154,1791,761],"area":1362951,"segmentation":[],"iscrowd":0},{"id":72,"image_id":23,"category_id":24,"bbox":[667,428,1144,200],"area":228800,"segmentation":[],"iscrowd":0},{"id":73,"image_id":23,"category_id":20,"bbox":[697,290,523.5,121.5],"area":63605.25,"segmentation":[],"iscrowd":0},{"id":74,"image_id":23,"category_id":15,"bbox":[1657,287,141.5,111.5],"area":15777.25,"segmentation":[],"iscrowd":0},{"id":75,"image_id":23,"category_id":12,"bbox":[466,654,154.5,151],"area":23329.5,"segmentation":[],"iscrowd":0},{"id":76,"image_id":24,"category_id":24,"bbox":[1,0,1904,1080],"area":2056320,"segmentation":[],"iscrowd":0},{"id":77,"image_id":26,"category_id":16,"bbox":[0,28,1920,1034],"area":1985280,"segmentation":[],"iscrowd":0},{"id":78,"image_id":26,"category_id":16,"bbox":[10,42,1907.5,231],"area":440632.5,"segmentation":[],"iscrowd":0},{"id":79,"image_id":26,"category_id":14,"bbox":[812,77,306,133.5],"area":40851,"segmentation":[],"iscrowd":0},{"id":80,"image_id":26,"category_id":14,"bbox":[66,347,1777.5,518],"area":920745,"segmentation":[],"iscrowd":0},{"id":81,"image_id":27,"category_id":19,"bbox":[101,42,1817,1033],"area":1876961,"segmentation":[],"iscrowd":0},{"id":82,"image_id":27,"category_id":7,"bbox":[809,596,121,63.5],"area":7683.5,"segmentation":[],"iscrowd":0},{"id":83,"image_id":27,"category_id":7,"bbox":[1313,573,104,64],"area":6656,"segmentation":[],"iscrowd":0},{"id":84,"image_id":27,"category_id":23,"bbox":[1054,133,97.5,50.5],"area":4923.75,"segmentation":[],"iscrowd":0},{"id":85,"image_id":27,"category_id":23,"bbox":[1617,397,101,58.5],"area":5908.5,"segmentation":[],"iscrowd":0},{"id":86,"image_id":27,"category_id":23,"bbox":[1036,968,94,44],"area":4136,"segmentation":[],"iscrowd":0},{"id":87,"image_id":28,"category_id":4,"bbox":[78,53,1760.5,938.5],"area":1652229.25,"segmentation":[],"iscrowd":0},{"id":88,"image_id":28,"category_id":24,"bbox":[672,388,1138,277.5],"area":315795,"segmentation":[],"iscrowd":0},{"id":89,"image_id":28,"category_id":20,"bbox":[705,203,525.5,171],"area":89860.5,"segmentation":[],"iscrowd":0},{"id":90,"image_id":28,"category_id":15,"bbox":[1641,212,143.5,155.5],"area":22314.25,"segmentation":[],"iscrowd":0},{"id":91,"image_id":28,"category_id":12,"bbox":[486,668,148,214],"area":31672,"segmentation":[],"iscrowd":0},{"id":92,"image_id":29,"category_id":9,"bbox":[31,40,1889,998],"area":1885222,"segmentation":[],"iscrowd":0},{"id":93,"image_id":29,"category_id":20,"bbox":[376,172,783.5,172],"area":134762,"segmentation":[],"iscrowd":0},{"id":94,"image_id":29,"category_id":20,"bbox":[629,204,141,147.5],"area":20797.5,"segmentation":[],"iscrowd":0},{"id":95,"image_id":29,"category_id":20,"bbox":[846,172,305.5,147.5],"area":45061.25,"segmentation":[],"iscrowd":0},{"id":96,"image_id":29,"category_id":15,"bbox":[93,157,160,219],"area":35040,"segmentation":[],"iscrowd":0},{"id":97,"image_id":29,"category_id":11,"bbox":[89,372,1226.5,328],"area":402292,"segmentation":[],"iscrowd":0},{"id":98,"image_id":30,"category_id":20,"bbox":[89,240,1831,840],"area":1538040,"segmentation":[],"iscrowd":0},{"id":99,"image_id":31,"category_id":21,"bbox":[309,143,1211,795],"area":962745,"segmentation":[],"iscrowd":0},{"id":100,"image_id":32,"category_id":21,"bbox":[445,322,692,406.5],"area":281298,"segmentation":[],"iscrowd":0},{"id":101,"image_id":33,"category_id":4,"bbox":[107,139,1740,884],"area":1538160,"segmentation":[],"iscrowd":0},{"id":102,"image_id":33,"category_id":20,"bbox":[714,279,529,136.5],"area":72208.5,"segmentation":[],"iscrowd":0},{"id":103,"image_id":33,"category_id":15,"bbox":[1644,276,141,141.5],"area":19951.5,"segmentation":[],"iscrowd":0},{"id":104,"image_id":33,"category_id":24,"bbox":[683,439,1121.5,255],"area":285982.5,"segmentation":[],"iscrowd":0},{"id":105,"image_id":34,"category_id":13,"bbox":[125,676,1752,367],"area":642984,"segmentation":[],"iscrowd":0},{"id":106,"image_id":34,"category_id":2,"bbox":[632,103,1259,493],"area":620687,"segmentation":[],"iscrowd":0},{"id":107,"image_id":34,"category_id":17,"bbox":[1616,117,246,444],"area":109224,"segmentation":[],"iscrowd":0},{"id":108,"image_id":34,"category_id":8,"bbox":[1695,362,92,193],"area":17756,"segmentation":[],"iscrowd":0},{"id":109,"image_id":35,"category_id":21,"bbox":[328,140,1486.5,805],"area":1196632.5,"segmentation":[],"iscrowd":0},{"id":110,"image_id":36,"category_id":16,"bbox":[6,40,1914,1039.5],"area":1989603,"segmentation":[],"iscrowd":0},{"id":111,"image_id":36,"category_id":14,"bbox":[803,206,332.5,725.5],"area":241228.75,"segmentation":[],"iscrowd":0},{"id":112,"image_id":37,"category_id":6,"bbox":[73,174,1842.5,859.5],"area":1583628.75,"segmentation":[],"iscrowd":0},{"id":113,"image_id":38,"category_id":15,"bbox":[602,331,976.5,744.5],"area":727004.25,"segmentation":[],"iscrowd":0},{"id":114,"image_id":39,"category_id":5,"bbox":[277,469,209,336.5],"area":70328.5,"segmentation":[],"iscrowd":0},{"id":115,"image_id":39,"category_id":23,"bbox":[23,332,132,245],"area":32340,"segmentation":[],"iscrowd":0},{"id":116,"image_id":39,"category_id":23,"bbox":[0,314,69,210],"area":14490,"segmentation":[],"iscrowd":0},{"id":117,"image_id":39,"category_id":23,"bbox":[109,0,152,157.5],"area":23940,"segmentation":[],"iscrowd":0},{"id":118,"image_id":39,"category_id":23,"bbox":[1,0,105,54],"area":5670,"segmentation":[],"iscrowd":0},{"id":119,"image_id":39,"category_id":23,"bbox":[457,0,166.5,157.5],"area":26223.75,"segmentation":[],"iscrowd":0},{"id":120,"image_id":39,"category_id":23,"bbox":[470,490,138,216],"area":29808,"segmentation":[],"iscrowd":0},{"id":121,"image_id":39,"category_id":23,"bbox":[1201,554,152.5,217.5],"area":33168.75,"segmentation":[],"iscrowd":0},{"id":122,"image_id":39,"category_id":23,"bbox":[1754,196,142,214],"area":30388,"segmentation":[],"iscrowd":0},{"id":123,"image_id":39,"category_id":14,"bbox":[623,50,1112,411],"area":457032,"segmentation":[],"iscrowd":0},{"id":124,"image_id":40,"category_id":13,"bbox":[124,207,1759,801.5],"area":1409838.5,"segmentation":[],"iscrowd":0},{"id":125,"image_id":41,"category_id":24,"bbox":[26,540,1805,374],"area":675070,"segmentation":[],"iscrowd":0},{"id":126,"image_id":42,"category_id":4,"bbox":[121,95,1665,849.5],"area":1414417.5,"segmentation":[],"iscrowd":0},{"id":127,"image_id":42,"category_id":20,"bbox":[705,246,496,137.5],"area":68200,"segmentation":[],"iscrowd":0},{"id":128,"image_id":42,"category_id":15,"bbox":[1582,241,143.5,138.5],"area":19874.75,"segmentation":[],"iscrowd":0},{"id":129,"image_id":42,"category_id":24,"bbox":[674,393,1076.5,242],"area":260513,"segmentation":[],"iscrowd":0},{"id":130,"image_id":43,"category_id":4,"bbox":[308,658,258.5,100],"area":25850,"segmentation":[],"iscrowd":0},{"id":131,"image_id":43,"category_id":18,"bbox":[401,731,157,15],"area":2355,"segmentation":[],"iscrowd":0},{"id":132,"image_id":43,"category_id":1,"bbox":[400,717,159,15],"area":2385,"segmentation":[],"iscrowd":0},{"id":133,"image_id":43,"category_id":24,"bbox":[399,693,158.5,24.5],"area":3883.25,"segmentation":[],"iscrowd":0},{"id":134,"image_id":43,"category_id":20,"bbox":[404,674,71.5,17],"area":1215.5,"segmentation":[],"iscrowd":0},{"id":135,"image_id":43,"category_id":15,"bbox":[534,674,20,17.5],"area":350,"segmentation":[],"iscrowd":0},{"id":136,"image_id":43,"category_id":25,"bbox":[604,964,710.5,66],"area":46893,"segmentation":[],"iscrowd":0},{"id":137,"image_id":43,"category_id":25,"bbox":[604,923,164,39],"area":6396,"segmentation":[],"iscrowd":0},{"id":138,"image_id":43,"category_id":9,"bbox":[1348,657,251,96],"area":24096,"segmentation":[],"iscrowd":0},{"id":139,"image_id":43,"category_id":11,"bbox":[1362,691,159.5,28],"area":4466,"segmentation":[],"iscrowd":0},{"id":140,"image_id":43,"category_id":9,"bbox":[821,346,101.5,18],"area":1827,"segmentation":[],"iscrowd":0},{"id":141,"image_id":43,"category_id":9,"bbox":[787,444,145.5,148],"area":21534,"segmentation":[],"iscrowd":0},{"id":142,"image_id":43,"category_id":3,"bbox":[937,506,47.5,106],"area":5035,"segmentation":[],"iscrowd":0},{"id":143,"image_id":43,"category_id":19,"bbox":[1635,37,285,281.5],"area":80227.5,"segmentation":[],"iscrowd":0},{"id":144,"image_id":43,"category_id":7,"bbox":[1724,175,17,19],"area":323,"segmentation":[],"iscrowd":0},{"id":145,"image_id":43,"category_id":5,"bbox":[1771,169,22.5,22.5],"area":506.25,"segmentation":[],"iscrowd":0},{"id":146,"image_id":43,"category_id":7,"bbox":[1822,172,22.5,18.5],"area":416.25,"segmentation":[],"iscrowd":0},{"id":147,"image_id":43,"category_id":22,"bbox":[1745,126,15,17.5],"area":262.5,"segmentation":[],"iscrowd":0},{"id":148,"image_id":43,"category_id":22,"bbox":[1786,101,15,17],"area":255,"segmentation":[],"iscrowd":0},{"id":149,"image_id":43,"category_id":22,"bbox":[1803,77,13,16],"area":208,"segmentation":[],"iscrowd":0},{"id":150,"image_id":43,"category_id":22,"bbox":[1825,135,11,16],"area":176,"segmentation":[],"iscrowd":0},{"id":151,"image_id":43,"category_id":22,"bbox":[1879,200,20.5,18],"area":369,"segmentation":[],"iscrowd":0},{"id":152,"image_id":43,"category_id":22,"bbox":[1884,205,12,14.5],"area":174,"segmentation":[],"iscrowd":0},{"id":153,"image_id":43,"category_id":22,"bbox":[1798,242,16.5,15],"area":247.5,"segmentation":[],"iscrowd":0},{"id":154,"image_id":43,"category_id":22,"bbox":[1717,220,13,12.5],"area":162.5,"segmentation":[],"iscrowd":0},{"id":155,"image_id":43,"category_id":22,"bbox":[1718,224,16,13],"area":208,"segmentation":[],"iscrowd":0},{"id":156,"image_id":43,"category_id":22,"bbox":[1670,199,15,19],"area":285,"segmentation":[],"iscrowd":0},{"id":157,"image_id":43,"category_id":22,"bbox":[1668,177,8.5,14.5],"area":123.25,"segmentation":[],"iscrowd":0},{"id":158,"image_id":43,"category_id":22,"bbox":[1722,270,18,19],"area":342,"segmentation":[],"iscrowd":0},{"id":159,"image_id":43,"category_id":22,"bbox":[1767,278,9,17.5],"area":157.5,"segmentation":[],"iscrowd":0},{"id":160,"image_id":43,"category_id":22,"bbox":[1778,283,13.5,13.5],"area":182.25,"segmentation":[],"iscrowd":0},{"id":161,"image_id":43,"category_id":22,"bbox":[1824,270,19,14.5],"area":275.5,"segmentation":[],"iscrowd":0},{"id":162,"image_id":43,"category_id":22,"bbox":[1756,63,10,13],"area":130,"segmentation":[],"iscrowd":0},{"id":163,"image_id":43,"category_id":22,"bbox":[1776,64,6.5,9.5],"area":61.75,"segmentation":[],"iscrowd":0},{"id":164,"image_id":43,"category_id":2,"bbox":[1642,954,268,68.5],"area":18358,"segmentation":[],"iscrowd":0},{"id":165,"image_id":43,"category_id":17,"bbox":[1851,954,53,62.5],"area":3312.5,"segmentation":[],"iscrowd":0},{"id":166,"image_id":43,"category_id":13,"bbox":[1536,1023,375.5,52.5],"area":19713.75,"segmentation":[],"iscrowd":0},{"id":167,"image_id":43,"category_id":8,"bbox":[1872,991,20,24],"area":480,"segmentation":[],"iscrowd":0},{"id":168,"image_id":43,"category_id":6,"bbox":[1081,891,133.5,41],"area":5473.5,"segmentation":[],"iscrowd":0},{"id":169,"image_id":44,"category_id":25,"bbox":[269,434,1417.5,333.5],"area":472736.25,"segmentation":[],"iscrowd":0},{"id":170,"image_id":44,"category_id":25,"bbox":[273,192,313.5,225.5],"area":70694.25,"segmentation":[],"iscrowd":0},{"id":171,"image_id":44,"category_id":25,"bbox":[273,463,108.5,281.5],"area":30542.75,"segmentation":[],"iscrowd":0},{"id":172,"image_id":44,"category_id":25,"bbox":[281,209,68,189.5],"area":12886,"segmentation":[],"iscrowd":0},{"id":173,"image_id":44,"category_id":25,"bbox":[362,209,68,180.5],"area":12274,"segmentation":[],"iscrowd":0},{"id":174,"image_id":44,"category_id":25,"bbox":[396,446,106.5,303.5],"area":32322.75,"segmentation":[],"iscrowd":0},{"id":175,"image_id":44,"category_id":25,"bbox":[453,209,48.5,189.5],"area":9190.75,"segmentation":[],"iscrowd":0},{"id":176,"image_id":44,"category_id":25,"bbox":[507,446,113.5,290],"area":32915,"segmentation":[],"iscrowd":0},{"id":177,"image_id":44,"category_id":25,"bbox":[509,192,79,202.5],"area":15997.5,"segmentation":[],"iscrowd":0},{"id":178,"image_id":44,"category_id":25,"bbox":[625,446,114,313],"area":35682,"segmentation":[],"iscrowd":0},{"id":179,"image_id":44,"category_id":25,"bbox":[748,463,104,277],"area":28808,"segmentation":[],"iscrowd":0},{"id":180,"image_id":44,"category_id":25,"bbox":[873,452,96.5,270],"area":26055,"segmentation":[],"iscrowd":0},{"id":181,"image_id":44,"category_id":25,"bbox":[988,446,99.5,290],"area":28855,"segmentation":[],"iscrowd":0},{"id":182,"image_id":44,"category_id":25,"bbox":[1107,446,101.5,280.5],"area":28470.75,"segmentation":[],"iscrowd":0},{"id":183,"image_id":44,"category_id":25,"bbox":[1226,446,102,294.5],"area":30039,"segmentation":[],"iscrowd":0},{"id":184,"image_id":44,"category_id":25,"bbox":[1341,446,106.5,285],"area":30352.5,"segmentation":[],"iscrowd":0},{"id":185,"image_id":44,"category_id":25,"bbox":[1460,446,100,280.5],"area":28050,"segmentation":[],"iscrowd":0},{"id":186,"image_id":44,"category_id":25,"bbox":[1579,452,100.5,270],"area":27135,"segmentation":[],"iscrowd":0},{"id":187,"image_id":45,"category_id":2,"bbox":[62,61,1829,955],"area":1746695,"segmentation":[],"iscrowd":0},{"id":188,"image_id":45,"category_id":17,"bbox":[1494,112,353.5,871],"area":307898.5,"segmentation":[],"iscrowd":0},{"id":189,"image_id":45,"category_id":8,"bbox":[1612,610,148.5,354],"area":52569,"segmentation":[],"iscrowd":0},{"id":190,"image_id":46,"category_id":4,"bbox":[0,0,1919.5,1080],"area":2073060,"segmentation":[],"iscrowd":0},{"id":191,"image_id":46,"category_id":24,"bbox":[587,293,1221.5,299.5],"area":365839.25,"segmentation":[],"iscrowd":0},{"id":192,"image_id":46,"category_id":20,"bbox":[638,133,562,152.5],"area":85705,"segmentation":[],"iscrowd":0},{"id":193,"image_id":46,"category_id":15,"bbox":[1645,124,142.5,142.5],"area":20306.25,"segmentation":[],"iscrowd":0},{"id":194,"image_id":47,"category_id":16,"bbox":[21,19,1898.5,1060.5],"area":2013359.25,"segmentation":[],"iscrowd":0},{"id":195,"image_id":47,"category_id":16,"bbox":[16,17,1904,247],"area":470288,"segmentation":[],"iscrowd":0},{"id":196,"image_id":47,"category_id":14,"bbox":[811,82,308.5,139],"area":42881.5,"segmentation":[],"iscrowd":0},{"id":197,"image_id":47,"category_id":14,"bbox":[81,360,1761,537],"area":945657,"segmentation":[],"iscrowd":0},{"id":198,"image_id":48,"category_id":25,"bbox":[2,38,1917.5,1041.5],"area":1997076.25,"segmentation":[],"iscrowd":0},{"id":199,"image_id":49,"category_id":21,"bbox":[242,164,1277.5,855],"area":1092262.5,"segmentation":[],"iscrowd":0},{"id":200,"image_id":49,"category_id":24,"bbox":[0,751,93,117.5],"area":10927.5,"segmentation":[],"iscrowd":0},{"id":201,"image_id":49,"category_id":6,"bbox":[1211,1028,282,46],"area":12972,"segmentation":[],"iscrowd":0},{"id":202,"image_id":49,"category_id":25,"bbox":[161,1064,366.5,15.5],"area":5680.75,"segmentation":[],"iscrowd":0},{"id":203,"image_id":50,"category_id":21,"bbox":[297,405,1331,604.5],"area":804589.5,"segmentation":[],"iscrowd":0},{"id":204,"image_id":51,"category_id":25,"bbox":[6,41,1914,1039],"area":1988646,"segmentation":[],"iscrowd":0},{"id":205,"image_id":52,"category_id":25,"bbox":[17,10,1903,1069],"area":2034307,"segmentation":[],"iscrowd":0},{"id":206,"image_id":53,"category_id":9,"bbox":[0,120,1899,960],"area":1823040,"segmentation":[],"iscrowd":0},{"id":207,"image_id":53,"category_id":11,"bbox":[0,448,307,322],"area":98854,"segmentation":[],"iscrowd":0},{"id":208,"image_id":54,"category_id":19,"bbox":[277,57,1622,980.5],"area":1590371,"segmentation":[],"iscrowd":0},{"id":209,"image_id":54,"category_id":5,"bbox":[998,523,135,65],"area":8775,"segmentation":[],"iscrowd":0},{"id":210,"image_id":54,"category_id":22,"bbox":[1101,469,125,75.5],"area":9437.5,"segmentation":[],"iscrowd":0},{"id":211,"image_id":55,"category_id":25,"bbox":[13,50,1906.5,1030],"area":1963695,"segmentation":[],"iscrowd":0},{"id":212,"image_id":55,"category_id":25,"bbox":[24,98,152,930],"area":141360,"segmentation":[],"iscrowd":0},{"id":213,"image_id":55,"category_id":25,"bbox":[185,109,150.5,928],"area":139664,"segmentation":[],"iscrowd":0},{"id":214,"image_id":55,"category_id":25,"bbox":[344,145,151,901.5],"area":136126.5,"segmentation":[],"iscrowd":0},{"id":215,"image_id":55,"category_id":25,"bbox":[504,133,143.5,894.5],"area":128360.75,"segmentation":[],"iscrowd":0},{"id":216,"image_id":55,"category_id":25,"bbox":[659,133,147.5,894.5],"area":131938.75,"segmentation":[],"iscrowd":0},{"id":217,"image_id":55,"category_id":25,"bbox":[820,121,152.5,916],"area":139690,"segmentation":[],"iscrowd":0},{"id":218,"image_id":55,"category_id":25,"bbox":[980,145,140.5,854],"area":119987,"segmentation":[],"iscrowd":0},{"id":219,"image_id":55,"category_id":25,"bbox":[1134,121,145,887.5],"area":128687.5,"segmentation":[],"iscrowd":0},{"id":220,"image_id":55,"category_id":25,"bbox":[1285,133,154.5,885],"area":136732.5,"segmentation":[],"iscrowd":0},{"id":221,"image_id":55,"category_id":25,"bbox":[1447,110,151.5,899],"area":136198.5,"segmentation":[],"iscrowd":0},{"id":222,"image_id":55,"category_id":25,"bbox":[1602,157,155.5,823.5],"area":128054.25,"segmentation":[],"iscrowd":0},{"id":223,"image_id":55,"category_id":25,"bbox":[1772,169,137,859],"area":117683,"segmentation":[],"iscrowd":0},{"id":224,"image_id":56,"category_id":24,"bbox":[8,16,1912,1064],"area":2034368,"segmentation":[],"iscrowd":0}]}